德勤数智研究院能在什么领域提供技术服务和能力支持呢？,人工智能、区块链、云、大数据、RPA等,,,
提供人工智能、区块链、云、大数据、RPA等领域的技术服务和能力支持的是德勤的什么部门？,德勤数智研究院,,,
德勤数智研究院可以在人工智能，区块链，云，大数据，RPA等领域提供技术服务和能力支持吗？,可以,,,
德勤数智研究院可以在XXX（非“人工智能，区块链，云，大数据，RPA”）领域提供技术服务和能力支持吗？,不可以,,,
德勤数智研究院能在人工智能，区块链，云，大数据，RPA等领域做些什么呢？,提供技术服务和能力支持,,,
为人工智能，区块链，云，大数据，RPA等多个领域提供技术服务和能力支持，是德勤数智研究院的业务内容吗？,是,,,
德勤数智研究院的业务内容是为人工智能，区块链，云，大数据，RPA等多个领域提供技术服务和能力支持吗？,是,,,
除了人工智能，德勤数智研究院还能在哪些领域提供技术服务和能力支持呢？,区块链，云，大数据，RPA等,,,
除了区块链，德勤数智研究院还能在哪些领域提供技术服务和能力支持呢？,人工智能，云，大数据，RPA等,,,
除了云，德勤数智研究院还能在哪些领域提供技术服务和能力支持呢？,人工智能，区块链，大数据，RPA等,,,
除了大数据，德勤数智研究院还能在哪些领域提供技术服务和能力支持呢？,人工智能，区块链，云，RPA等,,,
除了RPA，德勤数智研究院还能在哪些领域提供技术服务和能力支持呢？,人工智能，区块链，云，大数据等,,,
德勤数智研究院能在人工智域领域做什么？,提供技术服务和能力支持,,,
德勤数智研究院能在区块链领域做什么？,提供技术服务和能力支持,,,
德勤数智研究院能在云领域做什么？,提供技术服务和能力支持,,,
德勤数智研究院能在大数据领域做什么？,提供技术服务和能力支持,,,
德勤数智研究院能在RPA领域做什么？,提供技术服务和能力支持,,,